X,y
-1.0694749680716076,7.608279906033117
2.1571765532164537,-3.8927631034304873
-0.7547982323666542,5.290338095788392
-0.10605176854966546,4.434463815487586
-0.8690231378533227,7.242275311008299
1.3783487096513198,-1.7398984160855635
1.3418633838913236,0.16104395719763787
0.9588763053120218,0.6083895384203019
1.9443775833132848,-1.520745179579004
-0.5222788307097498,6.086484654965412
-0.8204478799932242,6.891466649211625
1.096778772036153,1.1315242924902416
0.8063229581295617,1.7336678753268953
1.1382488979676606,-0.7078918666853746
0.6562587360256985,2.3147568439879858
0.3031592794204732,2.464258290299097
0.3037105864657242,2.485147565589524
-0.6607876300818096,5.613759122235551
1.2131859802985852,-1.0878166424530726
-0.14050746344250054,3.4369134405385884
1.2230665654274901,0.8309766143960307
-0.9328768623947281,8.570092291656383
1.5994074079383203,-0.4590445817216309
-1.6317498244541528,10.57281829471929
2.839496398659317,-8.612005684435637
0.29513639044488865,4.326972875404291
0.8240457908814932,3.3829969775084834
0.644488595007958,3.0744470944075415
1.2206406974082358,-0.40546223555886984
1.9983367438265234,-2.952177471411936
2.0632326128422243,-2.687828174402472
0.1996708918603373,3.5377535240052134
0.32547124304829667,3.5613338625786146
0.2008445954599932,3.3929698300226074
-1.256030694056021,8.597686402282209
-0.5366086265559422,6.815325751660425
0.9277127992541183,0.22243819669306364
0.4670720006390881,3.008680980853833
1.7719946093788104,-4.078218079157313
0.15214691725171708,2.386005138740601
-1.0664667343860668,8.415267498688612
0.10404457824203872,4.895794124385983
0.9936273990142072,-0.988847804507867
-0.6321030956052801,7.079469642493882
0.706919463314276,2.609856202383921
1.1566252605742726,0.48334918143844485
-0.6583647932666312,7.513490826097684
0.009534777125476119,3.2353775698201206
0.02247344950372786,5.54465143237832
0.6813964005793207,2.127737625646715
-0.4726769223927602,6.364774368920646
0.10750524919447324,4.527248528189469
-1.5075285261332447,9.921795139527033
1.2337131584642451,-0.4544610657000027
0.35412322009772756,2.5227954531888352
-0.808626813621707,5.940029128522701
-1.975683488439192,11.051252197073797
1.758421085623571,-1.8265591594513337
0.30548628648876236,4.345283774093486
1.077842434446341,0.42600308318863406
0.6662034380962475,1.1980428816065465
1.1347780538124843,-0.9735028078587671
-0.19732343550666726,5.269167799574586
0.056654257165356145,5.594417968907107
0.1544816397486553,2.353290304525709
0.036478433903377516,4.557590949740884
0.48045518936457304,0.1844257717337423
1.3975468389788406,-1.7217152273654723
1.38051731572722,-0.39835266675459097
-1.4737865197375208,8.440259569775286
-0.6831813846467709,8.544298247337931
0.26449742275907295,2.517669569543565
0.8149876285161841,1.998900982667271
-0.5813039796753514,6.449436107476207
-0.5858440623059867,6.792086850831637
-0.39272132752571265,5.044919379549702
-0.44584940521492816,5.938514615860342
-0.7601025640713944,7.0775178426464285
0.23849204116035758,4.149318049809136
0.08174941956471263,2.6182564292169475
1.131106786048137,-0.71051902687042
-0.3163222014339633,5.458632547319638
-1.389056589451701,9.65886535022717
1.684276878623212,-2.299866072665875
-1.1423162994089806,7.5777073234787755
0.9474015081298316,1.9345669604209816
-1.4022347200287428,8.325288152160484
0.2065320284031321,3.293985867475689
0.1692600871415984,3.3002014636042216
0.14632301589622831,4.185845175208391
-1.6522196261885678,9.252288664103572
1.3673644532252531,-1.5106934310948046
1.1303648740575993,1.2221415038068706
-0.8956438137138338,6.085226507392863
0.4265712719718282,2.210894308894217
0.48088384404220674,3.9514629697381
-0.49090525481938085,4.480082603505748
-0.12846927674745218,4.729477197503269
-0.39521134744308006,5.14962010499024
-0.1589902065136347,4.585675706112647
1.180760185049548,0.7550687141785829
-1.256461198680598,7.386754557117849
0.33737677530864973,1.8392202013110626
0.3985786143881952,4.747928206693971
-0.6499786486604,5.148814792443801
0.8809648094266692,2.029369743637899
-0.43546520791881316,4.883617469393953
0.19860236312749716,3.913956443909478
0.04538350134233543,3.7774005054563036
-0.0427400545580093,3.4844381680345498
-0.7106518085109581,6.5086186531318715
-0.13408356050723907,5.691429189054404
1.2462811287516233,-1.539545440405906
-0.7270383293651085,7.820308752001793
0.5975524146578917,1.005756630145529
0.9497555565205346,1.5150185202427926
-0.25690174984531244,3.5232953200167305
0.9756164170776026,0.48775530990058097
-0.21341651511063245,3.328941627551086
-0.4481629730625781,8.030091743098199
-1.1999723369716306,8.745559493728898
0.22048510118866654,3.2621686397990346
1.2254434620279615,-0.47598669407600935
-0.28739251016502193,6.817626430127344
1.6502582677602848,0.19977449936659264
-0.6068857706979559,6.802760926765473
0.8730878289723056,-0.1908198512413788
0.9848352341558099,0.5194913076875001
1.2604651890358571,-1.1021797277306107
-0.2991490920971414,6.110332828493339
0.4891376459520746,2.236026030605451
-2.318575934225125,11.84704482396975
0.6220727211932153,1.014012703001821
-1.064730562123482,9.839352151915623
-0.5232108822703854,6.962041743511009
0.9770678884649306,1.1059870393134488
-0.12404750133814277,5.100477700205596
-0.49783267865876396,5.980571010582088
-1.0373462832323537,7.682291724090616
1.4568178063515025,0.8574848373685946
0.09325312326892549,3.301268497510704
0.6293982829431293,2.8606140556547945
0.14303669552038162,4.092309118866945
0.8893229679170968,0.5945571402578395
-0.9781545583388589,7.4134623285433365
0.23687002290346798,3.81833218516207
-2.5551985683337346,13.9782923628353
1.0212620486457789,-0.26934627199699823
0.20600927818475373,3.1386800108122968
-0.46263388425841234,5.443414799626547
-0.29304423060297724,4.999401445310605
0.6163897911023033,1.542636318123032
0.4402285788701535,3.097652897610881
-0.827485548740934,8.319663978403794
-0.530160138974741,5.4729247376066485
-1.0344771156085177,6.162957908651635
1.3151131171597912,-0.535570538226235
-1.820157909014178,10.661475540494019
-0.9670987934236845,7.118755302060195
0.05600748821433101,4.371385330173097
-0.21749410766172272,4.727301646541841
-0.463451990868381,4.789700434795369
0.6853225896348145,3.144751443841516
2.1039275603581227,-2.52819865561807
0.036010670298663776,4.554884895521361
-0.14745622829767377,5.185465158663323
-1.2955387268212242,8.253986810957539
-1.9721253237445544,12.697602141772709
0.3299649046886172,3.97853347858308
-1.803868862863434,9.380242970320916
0.7784171487863175,1.5157403684989734
1.1463727810896704,1.7170124753551974
-0.42773123734303126,5.817844321758333
-1.6072250432263253,10.407912154345889
1.104806656678843,2.1839028588857348
0.8103972492672652,0.13262705259322938
1.8098261765024735,-3.144790473774573
0.018222052114886964,3.399288906233466
-0.15251190527488834,5.716243888064233
0.15433663610475976,2.7855615121120807
-1.0827685025771905,7.061664932935351
0.39180490389573724,2.091085283110538
-1.3854888126689935,7.739740739477258
0.6113317067202931,3.424766546424472
-0.3582985023245206,5.1949897804507605
1.3159639720899643,0.7487719129476256
-0.8997824875838631,6.788001261662947
1.711010914660811,-2.5096612993131613
0.514069165062042,2.7455216270381104
2.0116039740003595,-3.910467996844521
-0.8101408306699759,6.775011507703212
-2.4999716429756877,11.412125215545345
-0.39322048659802833,4.363486846630628
1.416271895251403,-1.8887165374172052
1.2491781441149035,2.30506216376805
-0.013775568923246124,3.226838167395723
-1.2241771457218094,7.5139383617507995
-1.8051979549793022,10.587482172732242
-0.6848288131183667,4.130889070052756
0.21586827488435611,2.0639154990970807
-0.1520884559397557,4.080558698897554
0.007193361757343935,4.023409855036572
0.48732096477393466,2.958333702410826
0.6961677999149635,4.086544582414242
-0.8723168919529968,6.245181753726474
-0.4765948058000629,5.8937810808085125
0.4537384833564282,3.005643878267544
-1.3643549366495842,9.884401495521832
0.25212827099351637,3.3256227708840753
-0.3371872347184053,5.98779192624516
-1.613955494197691,8.055349904867025
-0.5496176168983611,6.013028632327859
0.386260617549632,3.651597387184327
-0.3275931987254181,1.7632755585450908
-0.8550922211065489,7.747247949880975
0.15482133305028006,5.542358430253389
-0.24885407411635693,4.23353892701721
0.9083957763455162,2.253213541697697
2.3944621026559254,-3.0492859909650982
-1.1295358018186188,8.08807732202122
-0.7859413625660101,6.882506406557671
-0.007746012444624793,6.547869491267244
2.404901819586558,-4.608441705392471
0.5510205306986048,2.199424204416966
2.1000613128335384,-4.271256079978992
0.8059372135485495,2.3388861897098305
-0.21874159784622058,6.263812959828702
-1.0219885137904805,6.592039569166809
-0.07347894374873591,4.422111607493205
-0.264140889290539,5.784387442705058
-0.5553010441768366,7.020652851259475
-1.6383845045750305,9.795817410741215
0.7003670066434139,1.26136736948064
-0.9267413007409968,7.832967550341634
-0.016623444920733154,4.322053210949987
-0.6348541510824496,6.176070930413605
0.2715086568355476,2.26032699103221
-0.06643216053944752,6.20899472711163
1.0472781299526892,1.1852040929682552
-1.0052830896460823,8.408682451241875
0.20969957951383822,3.5767233167616634
0.0760393771600452,3.120584364650501
0.4933127504820554,4.36417967249637
-2.0355227250395407,10.904988566595563
0.06355279357773586,4.1560428520182136
-1.4514876591788732,8.949007195454515
-0.8197023633115081,6.55554111202047
0.28090516556800943,4.446246333951811
-0.0007025620721656842,3.9584366803905318
-0.0008150294928202128,4.43874879121665
-0.11671036098027555,4.843005532344861
-1.9134743677792545,11.118666693605435
0.8294959487768401,0.00859957073551687
-2.592237265431788,12.407112045637296
0.7199225455432767,2.4143006128309783
0.7969122016698503,1.39537527127954
0.019408486985683166,4.681092853308207
-0.4771415016995801,5.7663105426030965
1.9620563550940713,-2.185184493660306
0.1531232713181437,4.371744451951985
0.7832591259710543,3.7172694126023194
-0.5736375313594448,5.659729323962673
0.0903896736466219,4.41239200969668
1.3611433328588007,-2.514991117532417
-0.6163510394356269,5.932831689076905
-0.40339151237515264,6.276843180754513
0.2640140360993555,4.66484277236257
-0.16646562415521576,5.024765611232431
1.046146684951758,0.756852987383611
0.5112955369810377,3.049067885940656
-0.07257091034895238,5.833082452692905
-0.14114151355163657,3.3676507848373145
0.9251377920250314,0.14790946314042952
-1.2241785596721484,9.650898517000213
-0.290620162972095,5.643130164775199
-0.5506388096262935,5.482276731941453
-1.1755398914242017,9.005766077677245
0.6827847318327144,2.796145862712384
-1.0838777476616661,7.551545370912839
-0.16953141790820117,3.9902614002297487
-0.9044938097177281,8.087692920115588
0.3809261788583488,4.706480401729711
-0.5847276221482461,4.9837791998736485
-0.76263212780192,6.606431966125547
1.0268025307449513,0.8357450213217873
-0.4524232869885536,5.222460373082805
0.5239216477008317,2.0729528932751915
-1.5322116453789352,9.740203117704993
2.3953448753658497,-4.719100822282981
-0.4718882114338704,6.621721947813841
0.59338589438152,1.8687807904129738
0.01976657546216083,4.354172246754833
0.06540000787504038,4.924016872814735
-1.6996423885016434,10.749712341201024
-0.10985275610677642,6.719971080850903
1.1691467436416032,-1.500377336075988
-0.8248248402042545,5.508440484837018
-1.3527162021917696,9.43548935117377
-1.4857143422193981,7.982765337926281
2.0492117850838687,-1.762305404789075
0.06941676440894866,4.951678925251529
1.29613651601855,-0.032014100743088414
0.27293222030646974,1.81153393552854
-0.5779471379319603,4.730753163470053
-1.4636451261168795,10.173512768075287
0.35802531600191057,2.8046946047072656
-1.0390504482050396,7.75647267197116
0.326690139624782,4.688630885439634
-0.5159266927606164,6.659624914381658
2.084395967563606,-3.613203639076248
-0.6262269288255627,7.013725748403873
-0.4954736442070803,5.7084114334741045
-0.32618642343596455,3.8547788851192872
0.15503835646520744,1.8364661388955312
0.4977987022777433,1.4444343460290792
0.132474781502451,3.746827726567617
-0.20550275062632947,5.715202751822919
-1.735477269224813,8.958195488977696
0.12630115855258175,4.162995303948723
0.15521955438581844,3.1324022950853836
-0.3845666668965345,6.389726822402414
-0.0074080609795671645,3.44325569420454
-0.35899885341558596,3.742417768316082
-0.9594167608291099,6.443735471196028
-0.9021444552464473,8.29514234374255
-0.536092889482819,4.4217439576971564
-0.8359851463092728,8.438985727157549
0.13803163049403322,4.016183283205885
1.22066156731173,0.908170529202124
-0.16559962075792076,4.023075196434965
2.2037435803254244,-3.6130428718168357
-0.6048095644564137,6.090904266821317
0.6293754561983402,2.535334006755385
-0.6211161629688073,6.695338442085995
0.8741532274334116,1.8063960228420637
1.0354281081597405,1.9313340230722904
0.678236136256394,2.259178491850825
-0.4269390824028271,5.755495005253436
0.2500690854465931,3.0034719779638843
0.9460439090661904,3.0274233415539293
-1.1873191831161685,8.165926737364067
-1.1522754336251964,7.277892371128216
2.6538603444157016,-2.7404655154527457
0.35588790812987425,3.5292788081243294
-0.0005379726316949921,2.981685020991527
-0.8413141397754479,8.370019215910412
0.8097176378864889,1.0261181253517373
1.2052674374851728,0.5482692741045798
-1.7116085117352202,9.993898624396445
1.1080292002142895,-0.07783913972929823
-1.3186013028546923,7.674285351162046
0.705387331542897,2.9825402242920314
0.7610649138941943,2.4442829800206454
-1.2042314512983232,7.92053190274007
-1.2457053798668973,9.47466526245725
0.7968640158599676,0.8524147697785566
1.1260397290347899,0.7985304889591415
1.3357253852752704,-0.17680321039842814
1.0052921595308362,0.4237443548294578
0.24392812865301805,2.8043081544536235
0.12760255717683242,3.551361707650152
0.5979407143203057,0.29253095023936027
0.7431412452034437,1.4649785342940138
-1.0289275779494225,7.910475024237572
-0.5591249856754955,4.989367892341115
-1.8603479430381744,10.408431021913392
-1.8524814313245572,8.760098150753258
-0.9090033704298128,7.57606569748945
1.0666938938230381,1.4825140976371647
-1.214108083458411,9.310097577955656
1.5104149613521065,0.5316426855747081
-2.053016319019132,11.013001559672546
0.001920404687112339,3.258434502731
0.18349443961586534,4.926986826326754
-0.5264662024626856,6.364953339821211
1.585845132096519,0.0255257605234418
0.8061972201535351,1.4126231552683242
-0.5872056881835336,5.5216455576360275
0.11749575330148655,6.275256881879038
0.2993472799420652,1.684804466798608
0.5559610392481307,2.4053974397615874
0.9604655314531795,0.558878526415231
-0.8286415891842558,5.833454311850888
0.6010514177207706,0.46712248045348703
1.2010552495951483,0.6661198958306305
0.426478718533051,4.40433500576598
-0.49812099543016153,7.512024320767811
0.585735553908247,3.5241998130016836
-0.09490493863261082,5.417050698278222
0.5644078205421574,2.494971653785759
-1.5054057814196165,8.403764841977154
-1.2976779064561879,8.238738902039572
0.3761803198869331,2.287089605563564
-1.5970315926252914,9.199209830183959
-0.13449421752720161,3.794466243756255
-0.4112753773670583,5.679999603481164
-0.12757764122711365,4.0207788769906445
0.5676197539989419,1.550133575261805
2.050780432311452,-3.849225325657553
0.20572280322974384,3.689211703727054
0.3276034787918551,4.286358839993776
-0.9807538822999817,7.322363240544385
-0.5948807878217898,6.135209204880232
0.488937218677253,2.296111661899521
-0.5853225871689286,6.037149473074278
0.6356649897164143,3.862047063528058
0.537287531867342,1.5040282712086825
-0.1684668405065998,5.603264977895404
-0.7337508712348336,6.366281218188893
-0.7456638592071316,5.8774123757671735
-0.19654909375109766,4.791168497420672
-0.5775012909861901,4.135814058856469
-0.7450424244021945,5.900800088145588
1.2336696307642594,-1.5859968994319817
-0.9114030607216393,9.406882452503105
0.4399123860838198,2.34895668665869
-0.8942431847920278,9.343847184234194
-0.5237544690426065,6.9707006283411275
0.2898938000874814,2.9464731267328093
1.6650630983390469,-1.280923212139281
0.9077801852210298,0.49088526117010634
-0.27490930249227336,4.557061170491856
-0.46053042341681494,5.058795349795037
1.3350028116632577,0.07523183448738008
1.6805122804643629,-0.8128688090441539
1.5313069687362508,-1.501756106263163
0.48783642598480054,2.3440623751081033
-0.41596160622237005,4.456115220218081
0.43045964524329755,2.2247957968610015
-1.2971896342322713,9.75166291316475
-0.6628460553907736,7.414942087808
-0.8180891952120579,8.426906797977662
-0.5989979473672655,4.827932643537897
-0.31944588602187357,6.490729241478362
1.1378646033724458,-0.6243636552091155
0.5345080909649695,0.2672623746413585
0.6755472334340964,1.4472782151104955
-0.3237546443237096,5.743522736127407
-0.15648524214460563,5.742147610547217
-0.9686264290423493,7.718650468331438
-0.6478761135896994,6.424661412752295
0.4445921106175645,3.5283788939490446
-0.48075627710655217,5.5781372028839105
0.5110727019301803,-0.21734673314372
0.4287997848946613,1.1755318179482028
0.20064951394518268,2.746893099165968
-0.859654210669527,8.373214113307249
-0.0830645634901461,3.841759446570365
0.46535502966289644,4.025143545140441
0.7639539319860338,2.2274860107843666
-0.33214083366548836,7.2144013251835855
-1.581627446422423,11.72531573734214
-1.1002777373749886,7.924059530500735
-0.9828829577272832,7.841795145530709
-1.2283980523940254,9.620144118319198
-1.8229488954515491,10.181694840221143
-1.378497800381778,9.692395935646774
-0.6632885571786722,8.440740194264082
0.29944138341167725,5.896007686061758
0.3385814066283473,2.3354649394526033
0.2816255328838505,4.350999866954971
0.6516226231579657,1.457984690304472
0.23791614993045115,2.274132119088449
1.1504403761011148,0.20918527305728213
-0.6761466659873382,7.235754167304724
-1.0272504188401246,7.241983533432455
0.8689885407876701,2.2316963781874284
0.07731543534078604,4.209832373470551
0.7575217563735891,0.9740604011490148
-0.7229704428408442,6.347811583315492
-0.642620654723966,7.4464608594136035
0.5388808588834127,1.581116435861237
-0.39517308440668636,6.3511343935790965
0.2870226925941401,4.184229134286425
-0.008724065563801828,4.560567646211117
1.0193991895024754,0.012481111932632682
0.5266494174188668,2.4435927334107186
-0.813957450364657,8.397599913245994
-0.5438673108685146,7.0260031181613956
-0.9781148727411643,9.308668105319681
-1.7029045421782862,10.428477104532382
1.1960890995618372,0.6069702796298895
-0.0794827368652893,5.4862022499034495
-0.8238262280557246,7.135444079902023
0.12449984924454076,5.456588394117247
0.012479859630873717,3.8977639318085373
-1.3014890867245736,8.428439638565745
-0.570136815101906,6.254732334283232
1.1659818376526778,-1.4187833321795207
1.352900014298914,0.08760206848051066
-0.1322042781557042,6.4529702196341185
0.9839590390758087,0.33185488532679286
-0.31261454030253455,6.229790967849889
-0.11240227619786719,4.600629956117989
0.4017702751555244,3.606966539234638
-0.1640261332025385,6.127910738413489
-0.0401776906020924,6.723912888300009
0.4059323847249233,2.0020591099513005
1.4111275788508648,-0.28879831035132275
0.4168116358009066,1.5772206695168158
0.21765992712862378,3.2408546975580683
0.8215934407779752,0.44500087269176003
-0.2979934313951486,2.7574302160635944
-0.06795546559661683,7.020632804683535
-1.075359954407127,8.006164282059128
0.3905386813025553,3.584820615843195
-1.4785735381295215,9.661372162607814
-0.09231670186231841,3.3776327201481537
1.0899100104631239,0.5840536563698957
-1.1030233980800355,6.776604502169454
1.3359611955019273,-1.243922855136082
-2.0279134925951303,9.193544139931856
-1.502717734208419,9.485447515489238
0.8943208686974424,0.6573243645532719
0.7062839690848989,2.5868534703085633
1.2287149694860862,-0.42036200177307076
-0.16815173073683692,6.1491185167536715
1.2451961033239307,-0.5161191737433117
0.3473348083821538,3.4276845225140526
-0.4325446586816219,5.149613539786547
-2.292650705944253,11.386696995698305
0.33103863559754076,1.81110526784183
-0.3387759517013583,3.625490551782552
0.33262738735531816,3.233890953095426
0.9660551829806379,0.43118830854472434
0.9570002341550706,0.3465774557299307
0.5210161975606201,2.6992449376159215
0.30012340749875094,1.985145836711776
-2.072399107364964,9.341292470520113
0.3762311317238949,3.4489449770043077
-2.3367634215945037,11.435447135952375
-1.0316001951793272,6.528268270926136
-0.14779416979097948,4.608189273938646
-1.3077002460798097,7.773263188733186
-0.6310460108339013,5.817128145484131
0.3394710980848968,2.438147100401958
1.8340506979976594,-1.4372356702424147
-0.3330808812653853,5.831600044234326
0.5214082510834042,2.5148509890045108
-0.6713302987982334,8.496858202183141
2.273516852347544,-2.685560325038422
-0.22659130522569243,4.9660813967621396
-0.5470713762029745,6.859731088394097
-1.2116293355996914,8.647068719716753
1.1040624011177484,0.9467145248115436
-1.8577923541749817,11.006085323822482
-0.3905293997776391,6.957718300227859
-0.016271624679444173,3.051713025945538
0.6224780617975624,2.3242769544960136
-1.9532919849988033,11.80466422099424
1.002895301248134,-0.8399091075417515
-0.19760584463877393,4.787567076927172
1.8458484702196172,-1.5132839226235577
0.9520271936139687,-0.15647919196371318
-1.4513130036717354,8.678263711128682
2.238715997605093,-2.5040915375003037
-0.26788826208301764,5.944119582155347
1.8228654606296653,-1.5333020596443823
-1.6516623884864636,10.470782201798285
-0.3142436957332116,5.681771231614437
1.157296590991918,1.483071225825809
0.7401556515160372,3.0138969747359297
-0.07701276385231524,5.646400003313747
-0.42047531476100053,5.728229864462078
1.393031379532335,-0.12696665794011924
0.10943121287527859,4.195344979530273
-1.4966554361944557,8.929072574252647
-0.9058284891784674,5.459938287432953
0.05173909231773796,5.272438941349682
0.29709072554675053,3.8280095070786664
-0.23527955266737843,3.8904246473099393
0.937680967365831,-0.1004771937982849
-0.9710676935924982,7.616739615548795
-1.7904680267018878,10.82370616795979
-0.36169013445773923,4.245069485670087
-1.6854142102659584,11.459372587764967
-1.23962702133959,9.397410840642555
-0.027910660647898305,2.289843760185314
-0.8613944723812302,7.470961364196456
-0.33566041679701236,6.468433021308751
-0.9161213841885176,8.504463353902805
0.5188506027626097,1.981920768130255
-0.7452075588004777,7.027722220227824
1.034591369037503,0.4747443044654864
0.48885725185465045,3.6859105907049603
0.2982421645078521,2.5378416157390955
-0.610946096014581,5.287382567367046
0.34793862308745244,2.8053804959848527
-1.14850407817003,5.57124816536078
0.3038364215136303,1.7318715644227538
0.29640499782308716,2.806074502599718
0.6479960583965491,2.1101342155785225
0.5409447756373577,1.138096426180256
0.8239959433727607,1.0955678955115817
-0.837674166731313,6.5583221320254905
-0.5606901119597489,6.023315603563306
0.9458035997295667,2.0633697987066713
0.13380837910762006,3.2545683668475465
1.005000058657022,1.4237243823823178
0.42073405659606566,2.147177646133577
0.46592599776893967,2.5569822562023488
-0.035731072396020774,6.0188670758304585
-0.36512620439897886,5.357468081442277
-0.481773149863802,5.429743467163065
0.7465097485638054,2.6471586436265873
-1.2644553628618593,7.015731471574767
-0.41332343325459214,5.5360809258082115
0.007152483852874836,5.190019964015628
-0.052001923919327515,4.379342435114669
0.24369184493950746,1.7805324224334662
0.8973903253168081,1.5049535910259018
0.8273673077190925,0.49912086356053265
1.7855795628656779,-1.1045993371303837
-1.2869854592128653,6.952003666331303
0.8840717381625028,1.798156350012401
-0.8521383104461668,7.993321654151149
-0.9677864511590548,6.353634008288661
0.595611369059228,2.3805288952049084
0.14338101714045226,3.614454564761445
0.10044818783771843,3.9971175298424226
1.0942375707109544,1.1761140301672075
-2.46269109506785,10.782202212178092
-0.1577921059777797,5.361809313799837
-0.2949849181231042,4.88861541690036
0.18003220070274464,0.9344724852428619
1.2977002193223457,1.0456223099067634
0.0769610344700712,4.375608702961655
0.19186201831345254,3.386503821018643
1.7276884928361218,-0.028687556161181904
-0.09215172169599715,5.102753483701164
-0.6413027870818716,5.7927227696463595
-0.6076608427548921,5.9793081691713
0.0022335148588811995,5.801669452053601
1.977691662597271,-4.81587563931776
1.2278100221391433,-0.3249608060663442
-1.162074337850125,7.315628177658187
-0.31174558401374103,5.272208048189518
-0.13531888113003496,4.645715956008454
2.7059674036007224,-4.918939951356685
-1.8578944933843906,12.237681103921492
0.5094654211530946,3.8371206416133834
1.701924279668454,-2.7435842944793136
-1.763027018198482,12.190583499618674
-0.5723453978391142,5.437633843182652
0.08023970949210295,4.5225905839131455
1.6337617115461545,-1.2470134989754886
-0.15449476999370276,3.5344616007553684
0.3912345198582967,3.215323367278039
0.292533005087732,2.772802992470733
0.5319896498624606,4.501347233679729
-1.2336026724455986,7.623293450062994
-1.5186943542998017,9.582781102601555
0.06988829607661566,5.1269943326044665
1.331804681730588,-0.3945312905432666
-0.45688600776856714,5.395764971569601
-0.17864414795259112,6.589612590098027
-0.28101885731075604,5.295794579838852
-1.404116173648975,7.195717099422476
0.22148810324447019,4.738507985627002
-1.1782918315768212,8.359362507995021
-0.5954939008176154,6.358980533683392
-0.2748950455291701,5.175612046959659
-0.42551167366019543,4.212513744304336
-0.528871354894834,4.04183866936001
-0.5766896496823132,4.406466659285911
-1.7373780473852956,9.086812227514137
-0.9965829297073903,8.740270736544428
-0.14623257865454795,4.033134878216472
-2.381755126008854,12.848242704147625
-0.36674348350582797,5.606696861468927
-0.17148608754706884,3.0896803467401637
0.692739922367191,2.5294554044942337
1.6504971860220627,-0.42441473617940295
-0.33185486991062724,6.937026867012606
0.9687335134205864,2.2682487339224213
0.5820133600338185,1.7654687048844762
0.31489588857331635,1.8304357410401153
-0.940982645439208,8.861185601955913
-1.168121238255007,9.569058151618139
-0.23365981107941902,4.938986719995622
-1.0973657937392585,7.021092138916223
-0.8932582508117877,7.909817898398141
1.3550935278139578,-1.7508411604822285
2.5276043146392038,-5.03820511570684
1.6973173883372736,-2.2998143202859493
-1.0716274232478282,8.810307473077001
0.33975990228665576,3.06786313851269
-0.6783766228219694,5.430990626239695
0.657222386954649,2.416794995982516
0.4089678668484108,3.5973586498526027
-1.1026599188424164,7.804024889219382
-2.152818552021623,11.293960260944568
0.8203024342638803,-0.3176083895258206
-1.0602062958444542,7.2793921608398175
1.152389811971497,0.4659379275189964
-0.9411097889460724,8.89563535100704
-0.47370473929588874,6.456037193094001
0.67108056161623,1.6948087973219663
-0.9662715061751618,7.596948935204179
0.4272016383475106,2.413349824003472
-0.4839031656406129,6.421580014123356
-0.9711167087232757,7.449437063924379
2.7278757085552674,-5.346502563591683
-0.3823588271131753,5.418408306923963
0.4069341206053593,0.9921145960047437
-0.2883747652667179,3.7673058944825217
-0.2205315680487844,6.081848686334438
1.275146542837477,-0.154092263747176
1.8651400317171043,-1.7407606794334134
-1.1473282423465319,9.40238518859744
-0.07853643653469046,5.243206895119275
-0.7262989045613544,5.941190850503677
1.8424449144458381,-0.5489931723038901
-0.9504264101527136,5.863605587093456
0.9524587822510229,0.9781275028015861
1.0177736188145992,0.19449626158515132
0.6286552920308022,2.744448156829245
-0.7334984608706143,7.0339227651794785
2.3645616566310794,-4.435096158210499
0.895901493307452,0.44847595285147446
0.9312448089132866,0.4050979414002377
0.6333016775719292,3.1828234337884105
0.8433553684117643,1.6779240463433145
-2.2850648803904705,12.175746679170398
0.3112362246861516,4.547902784957661
0.3627287897212298,3.899170990086087
0.6745720315719349,2.7124996416987965
-0.6208062589567575,8.056267710992929
0.21413526220558476,1.5743301821591869
-1.0576811213666162,7.222328529645116
-0.9076867786911809,5.407008913543542
0.7716466549379639,-0.7047133013543694
-0.019880333426541,4.246324363717994
0.48796734474971976,2.8440695665668416
-1.2371361106062055,7.972246196139491
-0.7489196977202542,7.829423272614149
-0.823927716130845,5.753501040511258
-1.3163797486534572,9.251551688606218
0.8353533429208897,1.950409539778424
-0.11838660460607003,4.371685965571414
-1.7268983575551167,10.468436451783665
-0.9738781303778902,8.033055293528987
-0.3712169026843481,5.19854848878788
0.3532152120288096,3.784769911402944
0.5599862406289778,0.9710223464347316
-0.12121501848587234,4.354919098381888
0.23160267851676572,3.3216626822878994
0.17860142329925296,4.042909631598195
0.3247282596896068,3.596784438033649
0.29977601881470384,3.7919175524141897
0.25025239278191685,3.9790198446513054
-0.04765761758828677,5.254433353198769
0.2859559413501919,3.011975702767702
-0.11922362470235251,4.20440641316131
1.0109976700802574,1.3575261326914698
-0.08386488959169972,3.5849732438492232
0.8547705475918532,1.1162866161930478
-1.5904178795300006,10.083787324513752
-0.30137798571066843,5.452828829678145
-2.106895389927841,12.555014463803252
1.129188658943959,1.6305224525190785
0.1787451049893751,4.189355348401658
1.2906227333478124,-0.1517613129549439
-0.07652513363543022,5.7659052360922285
-1.342891783904316,8.821560413322038
0.1660679139255991,1.634792833396181
0.6622701003925681,-0.06647683474842747
0.8127545030278487,1.7109050413993685
2.1986785816523775,-2.3313540759804576
2.1175751775927125,-3.0677643240980683
0.6712673847373808,2.998939038238497
-0.5430547653647766,4.731456321555816
0.36808063574511984,2.9444459551976006
-1.1271559033107268,8.335694568289595
0.7226721742956889,1.085979106304753
-0.377818487822232,6.1218887520874254
1.6766030560386445,-2.0998797816085366
3.5530607859732025e-05,4.994207183245516
1.039196217526424,-0.9536004866961403
0.9541696871701695,0.6410398747851633
1.6797252183900708,-2.8641605840084505
0.8423512012802444,1.626072829464314
1.0503462800052243,-0.08812395144900986
-0.18345915397462723,5.174019494378712
-0.6646700090156897,7.055837215890402
1.0055596320643603,1.224866517780457
-0.3322515180768908,5.886264778135585
1.2423198023148505,-0.28732156054989116
0.15517741071466037,3.5450830173915846
1.6016359661643158,-1.3662248531810195
-1.3554704917927463,7.325631394019128
-2.229303220100091,9.741128033309097
1.022889850330372,0.0592186630927084
-0.004381766295571585,2.462056949270464
1.5985188075935712,-0.48353846872669615
-0.9211281021409099,7.646991739107721
0.03421468467331333,4.5748382859530725
0.2857168147046196,2.9241690066393224
-1.4049999585864712,8.726589020749906
-0.6609791957480241,5.96724686941289
-0.8302972594523325,6.941225832401663
-0.9195039680192563,7.6583369768603715
-0.533716056655671,6.064239409972283
-1.2608293673349988,8.727624736919102
0.021395648925179835,3.9772915219377643
-0.766485484175144,7.031735160684294
-0.49454082257122023,4.963786070241896
-1.017689388377282,7.710231979743172
-0.5318976559816029,7.935959918070819
-1.2377871239017593,9.006460726395124
1.1078307632548667,1.5103181627866857
0.6597555513518376,2.4509014261227717
-1.5390252120364023,7.641411368602691
1.8079298073198005,-2.014112111802394
-1.1614833693208797,9.906104808160624
-0.38134632022625586,3.982234556952993
-0.7236036428667401,8.547133063228832
-0.8728063756518185,6.544605059351235
-1.7600801608109349,11.760458282600041
0.18837733965771444,4.186311974150877
0.38223356282961296,4.100757446827323
0.774063260149624,0.5755690250858743
0.09096762031539748,4.266493853067751
1.3767570391655413,-0.5501777317016356
-0.2243149822018477,5.806025095798033
-0.31129808480933624,8.00770751623033
0.7966949079711013,0.5525808792705346
0.4798442569892698,4.043465078104198
-0.33775253382188153,5.6605500591064954
0.9912884660574689,2.554869368200005
0.41291949844377396,3.7774840700770405
-2.1984170986763796,11.662093875067903
1.3676962442507092,-0.9255487477052438
-0.8207800663873289,6.51911392200213
0.2109315869719628,5.344063394673974
0.2242543020076586,1.928510572834039
0.3416438341728594,3.4319564647518797
-1.5987546866559952,10.931220917929565
-0.08804009988942149,5.0112809931746956
0.32989931439160686,3.1389260380134845
0.03986519875059708,2.256026750984968
-1.1210128026254285,7.53648320060365
0.772720387117062,4.3017807280065
-1.678620900543067,9.539070288498609
-0.9467715119388349,8.842558334427556
-1.4935464876533928,9.006272392262703
0.9462707893728762,-0.48271213667043433
-0.7207097796244021,8.331349562226668
-0.234645029283111,5.521915862444507
0.6685470244655445,1.032241268731425
-1.5103459622363833,10.437626741234181
-0.2331355078174591,4.752371999439844
0.335331684964449,4.2402307185565835
0.6324242007569724,2.7563349076352073
0.6663856078205819,0.9494563826882967
0.7294672159464365,1.7950385457529774
-0.013071686068858866,4.701957587083674
1.088757571472425,0.8118869337812497
0.19073775420985545,6.160389563414391
1.3111453163223756,-3.3951535768909467
0.05976900971431651,5.190747862753808
-0.7337913441876879,6.890913040336393
-0.18780999358195197,4.547206708932179
-0.6550236082707379,6.565518770217433
-0.039561303262050894,3.8226825832394953
0.3750279923523266,5.22670928814555
0.1400805142871812,3.033462559697313
-1.3624334599686094,10.389204180134755
0.6864891593374375,1.1066581385038918
-1.1686196799710715,8.60156828253248
0.3489060272340411,3.3334149819397108
-0.37110336354694146,5.533428579482103
-0.2558821982208371,5.217708711600027
0.6940306721583832,0.364692704794344
-1.2483890992123363,7.400927535965685
-3.774960604251708,16.973558522962964
0.6791050013903913,3.3998303421175216
-0.8681425700942172,6.187597708717485
1.955652913477053,-2.2702117990670336
-0.3539399315613299,6.4647217274873485
-0.8689947495812802,7.705814082654535
1.0432785063627674,-0.17970908136810204
1.4817973468678087,0.694010659294301
-0.48993541665404916,6.5265963431075065
1.529056388283211,-1.2876664347387425
-1.7881797745470545,10.467900401683242
0.30430411502310856,3.0933745274471445
-1.8817384004367803,11.275439550082607
1.2466171649896223,0.21017766463402535
0.5943349496667799,2.418809573864648
1.5394243227228246,-0.794899438195778
-0.767777158665867,7.387458922418292
-1.7233183690865668,11.290787135295826
0.1789123367965595,3.1040595169056293
0.48598687779029537,2.897883142657526
-0.9229474978879707,5.643947572255433
0.6159916041505638,1.426135468014266
0.9095491421448396,1.3631004442208559
-2.6475129664329193,10.857810971033778
-0.07966021518507599,5.951759186234663
0.5878077582128469,1.8213928049376018
0.34614032791993016,3.0715301382724176
0.6451455902453385,3.0409775747682275
1.9130440094685146,-4.6362128380407075
1.1170206339738837,-0.5558713205840314
0.48135930817404915,1.7760279009720918
-0.1576118320962189,4.548143397514679
0.9671316044798991,0.8482088500948302
0.6053476894015093,2.4805647682742253
0.08358895827504167,3.1965686748604014
0.5366749094584171,3.356505647845186
0.9127830086214429,0.47931901306936653
-0.6932033851458337,8.31458375456097
-1.380050667415563,7.896454067879152
-0.11413648151663591,3.1023367313704773
0.7196095882903615,4.029715364443627
-1.3741068631522142,9.106874185645305
0.3522824240560469,1.8415940153337462
0.8891252557846131,0.8089515613859386
-0.28198992539161244,5.699404696338625
1.3205883527385276,1.7540967811054662
0.5465820838101106,2.0825759243808055
-0.0573024156206282,4.5066722382916895
2.355665777673715,-4.934632123407484
0.9360988606703083,2.563322283914336
0.3549294536242607,2.139762985666171
0.9137589501875693,1.5541032804474215
0.13804339915014505,4.972375388545279
0.7914553561335568,0.7730612547060614
0.1585958587962654,3.1707336586808488
1.0459548131872434,0.6726102141215144
-0.7613483430814482,6.244413986939228
0.6968819496646784,1.0183238661777596
1.5398332099413121,-1.4300626301132695
-0.3172689989084458,6.430477861837864
-0.6416672482898953,4.935430467535237
-0.01864853310473667,6.3178764640504985
0.7079204260828545,4.206887095516912
-1.3546798607826152,8.824339921564006
-1.0923780028219892,8.237453378555943
0.5865182084218753,1.6682473207685002
-0.12811346680905833,5.054462466182033
0.04515916734681304,3.388493272650585
0.2657576021762583,4.839434530441785
1.079262217724493,0.10147241558774689
-0.1931673139839054,4.9834879611192
0.03644938280616737,6.368627722962447
0.614666067548438,3.5871249911198313
-0.0484190378790335,4.276337803119302
-0.5117385615856065,6.99965634418604
-0.5659923207470319,6.526166523561639
-1.74990227254246,11.189569419041208
-0.3295914869561796,5.4373093560181465
-0.6804470339766249,6.743715447697962
-1.67507312146355,10.534465022836082
-2.9743286386937995,14.20384381387356
-1.5174580251946583,10.164737090427737
0.46203729503491214,3.5128541086055627
-0.051799683968173874,4.028984133687077
-0.03733146035761946,5.4563916199546165
-0.5770950422593739,4.641681266182042
2.065226236195975,-2.8096882593167893
0.994845596620081,1.2873736578012134
1.0957929596444156,0.15018910707751149
0.44047392745966,2.872660999006529
-0.7862980931476051,4.253259830604625
-0.7497365790530088,5.549908501989676
1.0941013390478989,1.3675981639206598
0.023986067555296642,5.9225568481182655
0.3134762837828534,3.812560832189704
-0.309269494523146,6.010009694133463
0.04195447682336715,3.312896124337426
-0.018660465856736377,3.774221162776337
-0.8024089348626552,5.942855577420092
-1.2535375378447446,7.604842383031837
-0.9759684091477837,6.614923260647837
1.0645150742586835,1.4771829609090599
-0.3494203429973122,6.293253718869454
-0.16104802958606065,3.2556443422134356
0.6520055056508961,2.750235849903304
2.2919907477904315,-4.365027406238451
0.9267540662528799,1.1915303654542342
1.4561480256721147,-1.4646678077067912
-0.3471055001366707,5.7048649879778175
-0.8064594813819489,7.445549052955132
0.6162381641320724,0.9856278479669058
-0.960598986755638,7.178686726979077
-1.6963712106140136,9.177311565302276
0.17889002414506153,3.394198251861596
-0.7062220545846917,5.650991120798079
-0.3223412929936993,5.5474965849099585
-0.3921165852001529,6.401511781883704
1.3347928093773946,-1.7659833718725908
-0.758034241949429,6.730785192761511
0.20796611130095008,3.1493983034401065
-0.5404677822502707,7.165089470188449
-1.3120061787211932,8.108264333143648
1.0979384452479641,1.4767353140354227
-1.2569770215827656,6.798459979043579
0.7937196492588969,3.163779173032008
